Chicken with Rice,Stuffed Cabbage Rolls,Quinao and Black Beans,Coconut Curry Tofu,Lemon Garlic Tilapia
Bean Burrito,Baked Chicken with Peaches,Lemon Garlic Tilapia,Simply Roasted Artichokes,Chicken Marsala
Taco Salad,Baked Tandoori Chicken,Baked Chicken with Peaches,Quinao and Black Beans,Strawberry Spinach Salad
Fried Chicken,Chinese Steamed Fish,Breaded and Baked Zuchini,Coconut Curry Tofu,Szechwan Shrimp
Steak ,Baked Chicken with Peaches,Strawberry Spinach Salad,Spinch Enchilada Verdes,Simply Roasted Artichokes
Meat with Rice,Stuffed Cabbage Rolls,Baked Chicken with Peaches,Coconut Curry Tofu,Chinese Steamed Fish
Ceasar Salad,Szechwan Shrimp,Chicken Marsala,Quinao and Black Beans,Simple Turkey Chili
Cobb Salad,Strawberry Spinach Salad,Cherry Chicken Lettuce Wraps,Chicken Marsala,Roast Chicken
Buffalo Wings,Lemon Garlic Tilapia,Spaghetti Squash,Herbed Eggplant Spices,Strawberry Spinach Salad
Beef Burrito,Chicken Noodle Soup,Strawberry Spinach Salad,Spaghetti Squash,Chinese Steamed Fish
Shrimp ,Stuffed Cabbage Rolls,Herbed Eggplant Spices,Roast Chicken,Black Bean Burger
Pizza,Szechwan Shrimp,Baked Tandoori Chicken,Black Bean Salad,Simple Turkey Chili
Burgers and Fries,Lemon Garlic Tilapia,Baked Chicken with Peaches,Stuffed Cabbage Rolls,Quinao and Black Beans
Burger,Black Bean Salad,Simple Turkey Chili,Black Bean Salad,Coconut Curry Tofu
Cheeseburger,Baked Chicken with Peaches,Chinese Steamed Fish,Black Bean Salad,Coconut Curry Tofu
Noodles,Lemon Garlic Tilapia,Quinao and Black Beans,Chinese Steamed Fish,Teriyaki Chicken with Salad
Pad Thai,Black Bean Burger,Baked Chicken with Peaches,Teriyaki Chicken with Salad,Spaghetti Squash
Pasta,Chicken Marsala,Herbed Eggplant Spices,Baked Chicken with Peaches,Stuffed Cabbage Rolls
Stir Fried Noodles,Mulligitawny Soup,Collard Greens,Baked Tandoori Chicken,Szechwan Shrimp
Fish Burger,Chinese Stir Fried Vegetables,Coconut Curry Tofu,Breaded and Baked Zuchini,Collard Greens
Shrimp Pasta,Baked Tandoori Chicken,Teriyaki Chicken with Salad,Artichoke and Sun-dried Chicken,Quinao and Black Beans
Sloppy Joe,Coconut Curry Tofu,Szechwan Shrimp,Breaded and Baked Zuchini,Simple Turkey Chili
Quesadillas,Breaded and Baked Zuchini,Lemon Garlic Tilapia,Breaded and Baked Zuchini,Szechwan Shrimp
Cart Food,Stuffed Cabbage Rolls,Baked Tandoori Chicken,Chinese Steamed Fish,Quinao and Black Beans